sample_id,platform,brand,model,published_at,software_version,quote,source_url,source_title,relevance,relevance_reason,display_quote,sentiment,scope,batch,identity_status,theme,usage_scene,pain_point,task_impact,evidence_strength,evidence_basis,user_job,desired_outcome_inferred,primary_theme,additional_quote,limitations,live_recheck
EX01,汽车之家,魏牌,蓝山2026款智能进阶版四驱Max+,2026-06-28,,语音识别偶尔会出现卡顿，基本1、2秒，识别连续语音指令需要时间反应。,https://k.autohome.com.cn/detail/view_01kw6bva9y6mw3echh70wg0000.html,,相关,明确针对语音控制/唤醒/理解/连续指令/使用负担/语音服务提出评价或需求,语音识别偶尔会出现卡顿，基本1、2秒，识别连续语音指令需要时间反应。,负面,核心助手,本轮扩展采集,使用身份未独立核实,连续指令响应延迟,连续语音指令,连续指令需要等待,额外操作或等待,中,有具体任务或情境的公开自述；原文已本地匹配，身份、版本和结果未独立验证,连续下达车内操作,减少等待并及时完成,T2,,公开自述；软件版本及激励关系未核实。首次发表日期；延迟为用户估计，不是实测,本轮未联网回查
EX02,汽车之家,魏牌,蓝山2026款智能进阶版四驱Max,,Coffee OS 3（自述，具体版本未披露）,能连续对话，还能控制空调、导航、车窗这些功能,https://k.autohome.com.cn/detail/view_01kk1ejhns6mw30e1n60t00000.html,,相关,明确针对语音控制/唤醒/理解/连续指令/使用负担/语音服务提出评价或需求,能连续对话，还能控制空调、导航、车窗这些功能,正面,核心助手,本轮扩展采集,使用身份未独立核实,连续对话与车控,连续对话、车控和导航,未表达痛点；肯定连续对话车控,无明确负面影响,中,有具体任务或情境的公开自述；原文已本地匹配，身份、版本和结果未独立验证,通过连续对话控制多个功能,连续完成车内任务,T2,,公开自述；软件版本及激励关系未核实。发布日期未获取；车型字段不能代替发帖日期,本轮未联网回查
EX03,汽车之家,哈弗,第三代哈弗H6,2023-10-21,,还可以连续发出多个指令，然后车机会去逐一执行,https://club.autohome.com.cn/bbs/thread/c3438470adeb7a85/106722317-1.html,,相关,明确针对语音控制/唤醒/理解/连续指令/使用负担/语音服务提出评价或需求,还可以连续发出多个指令，然后车机会去逐一执行,正面,核心助手,本轮扩展采集,使用身份未独立核实,连续指令执行,多个连续指令,未表达痛点；肯定逐一执行,无明确负面影响,中,有具体任务或情境的公开自述；原文已本地匹配，身份、版本和结果未独立验证,连续下达不同操作,逐一执行且不漏项,T2,,公开自述；软件版本及激励关系未核实。日期来自正文网页；身份自述,本轮未联网回查
EX04,车质网,哈弗,哈弗F7 2020款2.0T两驱i范,2020-01-08,,语音控制系统经常会自动弹出，有时候想要唤醒语音系统它没反应。,https://www.12365auto.com/zlts/20200108/441734.shtml,,相关,明确针对语音控制/唤醒/理解/连续指令/使用负担/语音服务提出评价或需求,语音控制系统经常会自动弹出，有时候想要唤醒语音系统它没反应。,负面,核心助手,本轮扩展采集,使用身份未独立核实,误唤醒与唤醒失败,唤醒语音系统,误唤醒与需要时无响应,任务阻断,中,有具体任务或情境的公开自述；原文已本地匹配，身份、版本和结果未独立验证,需要时启动语音，不需要时不打扰,减少误唤醒与漏唤醒,T1,,公开自述；软件版本及激励关系未核实。投诉时间；投诉陈述不是故障根因鉴定,本轮未联网回查
EX05,车质网,哈弗,哈弗H6 2020款1.5GDIT自动铂金冠军版,2022-11-05,,现在却要续费使用，收费不合理,https://m.12365auto.com/zlts/20221105/839495.shtml,,相关,明确针对语音控制/唤醒/理解/连续指令/使用负担/语音服务提出评价或需求,现在却要续费使用，收费不合理,负面,核心助手,本轮扩展采集,使用身份未独立核实,语音服务收费预期,语音服务续费,续费要求与收费预期冲突,信息不足,低,泛化评价、偏好、收费片段或依赖上下文的疑问；只能支持态度或问题线索,继续使用原有语音服务,收费边界符合原有预期,T5,,公开自述；软件版本及激励关系未核实。投诉时间；旧车型收费争议，不代表当前收费政策,本轮未联网回查
EX06,汽车之家,欧拉,欧拉黑猫／R1（论坛归属，年款未披露）,2019-08-18,,如果说出的指令格式不正确或不完整，车机识别出来的错误率就很高。,https://club.m.autohome.com.cn/bbs/thread-c-4826-82711907-1.html?type=Jing,,相关,明确针对语音控制/唤醒/理解/连续指令/使用负担/语音服务提出评价或需求,如果说出的指令格式不正确或不完整，车机识别出来的错误率就很高。,负面,核心助手,本轮扩展采集,使用身份未独立核实,自然表达与多步骤整合,格式不完整的指令,非标准或不完整说法易识别错误,任务阻断,中,有具体任务或情境的公开自述；原文已本地匹配，身份、版本和结果未独立验证,用自然说法发出车控请求,无需记忆固定命令格式,T2,,公开自述；软件版本及激励关系未核实。发布日期由页面分享元数据核验；旧车型；同帖还有另一段回复,本轮未联网回查
EX07,汽车之家,欧拉,欧拉黑猫／R1（论坛归属，年款未披露）,2019-08-19,,在车里和别人说话，小欧自己启动语音识别,https://club.m.autohome.com.cn/bbs/thread-c-4826-82711907-1.html?type=Jing,,相关,明确针对语音控制/唤醒/理解/连续指令/使用负担/语音服务提出评价或需求,在车里和别人说话，小欧自己启动语音识别,负面,核心助手,本轮扩展采集,使用身份未独立核实,聊天误唤醒,车内与他人聊天,聊天误触发语音识别,非预期打扰,中,有具体任务或情境的公开自述；原文已本地匹配，身份、版本和结果未独立验证,正常聊天不触发助手,避免非指令对话被误唤醒,T1,,公开自述；软件版本及激励关系未核实。15楼回复时间；与楼主主帖分开，非独立核实车主,本轮未联网回查
EX08,车质网,欧拉,欧拉好猫2025款430km豪华型,2025-09-15,,语音控制和360影像反应灵敏。,https://www.12365auto.com/review/2974_0_0_1.shtml,,相关,明确针对语音控制/唤醒/理解/连续指令/使用负担/语音服务提出评价或需求,语音控制和360影像反应灵敏。,正面,核心助手,本轮扩展采集,使用身份未独立核实,日常语音控制,日常语音控制,未表达痛点；肯定响应灵敏,无明确负面影响,低,泛化评价、偏好、收费片段或依赖上下文的疑问；只能支持态度或问题线索,用语音操作车辆,及时响应,T2,,公开自述；软件版本及激励关系未核实。对应单条口碑日期，非聚合页更新时间,本轮未联网回查
EX09,汽车之家,哈弗,哈弗H9 2020款试驾,2019-11-04,,必须手动点击，才能唤醒导航。。,https://club.autohome.com.cn/bbs/thread/c8d31652f101ae14/84645251-1.html,,相关,明确针对语音控制/唤醒/理解/连续指令/使用负担/语音服务提出评价或需求,必须手动点击，才能唤醒导航。。,负面,试驾体验,本轮扩展采集,使用身份未独立核实,导航确认闭环,导航目的地确认,导航唤醒仍需手动点击,额外操作或等待,中,有具体任务或情境的公开自述；原文已本地匹配，身份、版本和结果未独立验证,从语音请求完成导航启动,减少手动确认步骤,T3,,公开自述；软件版本及激励关系未核实。试驾自述，非长期车主反馈；仅一个目的地候选时确认失败；不采纳自述100%识别率,本轮未联网回查
EX10,汽车之家,魏牌,蓝山（年款未披露）,,,设置完之后我特意让媳妇在窗外喊蓝山名字，没有任何反应,https://club.autohome.com.cn/bbs/threadowner/61c6fab457439972/111147691-1.html,,相关,明确针对语音控制/唤醒/理解/连续指令/使用负担/语音服务提出评价或需求,设置完之后我特意让媳妇在窗外喊蓝山名字，没有任何反应,正面,核心助手,本轮扩展采集,使用身份未独立核实,语音权限与身份识别,设置声纹后车外呼叫,未表达痛点；设置后他人未触发,无明确负面影响,中,有具体任务或情境的公开自述；原文已本地匹配，身份、版本和结果未独立验证,控制语音触发权限,避免车外呼叫触发,T1,,公开自述；软件版本及激励关系未核实。设置声纹后车外呼叫的自述；不是独立权限安全测评；发布日期未获取,本轮未联网回查
EX11,汽车之家,魏牌,蓝山（年款未披露）,,,我有时候说话带点老家方言口音，它都能精准get到,https://club.m.autohome.com.cn/bbs/thread-c-6979-114966578-1.html?type=Jing,,相关,明确针对语音控制/唤醒/理解/连续指令/使用负担/语音服务提出评价或需求,我有时候说话带点老家方言口音，它都能精准get到,正面,核心助手,本轮扩展采集,使用身份未独立核实,方言口音与驾驶分心,带方言口音说话,未表达痛点；肯定口音理解,无明确负面影响,中,有具体任务或情境的公开自述；原文已本地匹配，身份、版本和结果未独立验证,用习惯的口音表达请求,自然表达也能被理解,T2,,公开自述；软件版本及激励关系未核实。发布日期未获取；可能有激励或营销影响,本轮未联网回查
EX12,汽车之家,哈弗,哈弗H9 2025款2.0T汽油四驱勇士版,2026-04-16,,多条指令同时下达也能完成,https://k.autohome.com.cn/detail/view_01kev21r8x6mvkgc1s6rvg0000.html,,相关,明确针对语音控制/唤醒/理解/连续指令/使用负担/语音服务提出评价或需求,多条指令同时下达也能完成,正面,核心助手,本轮扩展采集,使用身份未独立核实,连续指令执行,同时下达多条指令,未表达痛点；肯定多指令完成,无明确负面影响,中,有具体任务或情境的公开自述；原文已本地匹配，身份、版本和结果未独立验证,一次表达多个车控操作,多项任务均完成,T2,,公开自述；软件版本及激励关系未核实。追加口碑日期；与同来源另一日期反馈不是两个独立车主,本轮未联网回查
EX13,汽车之家,哈弗,哈弗H9 2025款2.0T汽油四驱勇士版,2026-04-22,,不如手动实体按键设置高中低三档来得方便实用。,https://k.autohome.com.cn/detail/view_01kev21r8x6mvkgc1s6rvg0000.html,,不相关,比较实体按键，原声没有明确评价语音助手,不如手动实体按键设置高中低三档来得方便实用。,负面,相邻座舱,本轮扩展采集,使用身份未独立核实,实体按键替代偏好,,,,,,,,,,公开自述；软件版本及激励关系未核实。追加口碑日期；关注座椅加热交互设计，非语音识别故障,
EX14,汽车之家,坦克,坦克400新能源（年款未披露）,2026-01-11,,不用反复喊唤醒词，聊起来更自然,https://club.autohome.com.cn/bbs/thread/42c186537122dcae/114108129-1.html,,相关,明确针对语音控制/唤醒/理解/连续指令/使用负担/语音服务提出评价或需求,不用反复喊唤醒词，聊起来更自然,正面,核心助手,本轮扩展采集,使用身份未独立核实,连续对话免重复唤醒,连续对话,未表达痛点；无需反复唤醒,无明确负面影响,中,有具体任务或情境的公开自述；原文已本地匹配，身份、版本和结果未独立验证,持续交互,减少重复唤醒词,T2,,公开自述；软件版本及激励关系未核实。正文发布日期；使用身份与营销关系未独立核实,本轮未联网回查
EX15,车质网,欧拉,欧拉黑猫2021款405km长续航型,2026-01-08,,语音指令无响应、唤醒失败,https://www.12365auto.com/zlts/20260108/1574606.shtml,,相关,明确针对语音控制/唤醒/理解/连续指令/使用负担/语音服务提出评价或需求,语音指令无响应、唤醒失败,负面,核心助手,本轮扩展采集,使用身份未独立核实,维修后语音功能恢复,维修后语音功能（来源上下文）,语音无响应与唤醒失败,任务阻断,中,有具体任务或情境的公开自述；原文已本地匹配，身份、版本和结果未独立验证,恢复正常语音唤醒与响应,基础功能持续可用,T1,,公开自述；软件版本及激励关系未核实。投诉时间；用户归因更换车机，未核实维修根因或处理结果,本轮未联网回查
EX16,懂车帝,魏牌,蓝山2023款四驱超长续航版,2024-02-27,,识别能力太弱，比新势力差太多,https://www.dongchedi.com/auto/series/score/6206-x-S0-P107-x-x-x,,不相关,车机识别含义不明确，无法认定为语音功能反馈,识别能力太弱，比新势力差太多,负面,核心助手,本轮扩展采集,使用身份未独立核实,车机识别能力,,,,,,,,,,已核对同页车型、原文及日期；聚合内容会变化，单条详情未取得；非最新Agent版本。,
EX17,懂车帝,欧拉,欧拉好猫2021款400km标准续航雅典娜版三元锂电池,2022-06-14,,开着窗它完全听不见你说话的，关着窗也有很多时候听不见。,https://www.dongchedi.com/auto/series/score/4635-x-S0-P70-x-x-x,,相关,明确针对语音控制/唤醒/理解/连续指令/使用负担/语音服务提出评价或需求,开着窗它完全听不见你说话的，关着窗也有很多时候听不见。,负面,核心助手,本轮扩展采集,使用身份未独立核实,噪声下语音拾音,开窗和关窗,开窗或关窗时无法有效拾音,任务阻断,中,有具体任务或情境的公开自述；原文已本地匹配，身份、版本和结果未独立验证,不同噪声条件下发出语音请求,稳定拾音,T1,,已核对同页车型、原文及日期；聚合内容会变化，单条详情未取得；非最新Agent版本。,本轮未联网回查
GWC01,汽车之家,魏牌,蓝山2023款四驱长续航版（自述）,2024-07-15,版本未披露,语音助手差点，一般用来导航、听歌、开关窗、开关空调等导航地点很多不识别，这个强烈建议尽快升级！,https://club.autohome.com.cn/bbs/thread/9415a8232d071180/108695456-1.html,,相关,明确针对语音控制/唤醒/理解/连续指令/使用负担/语音服务提出评价或需求,语音助手差点，一般用来导航、听歌、开关窗、开关空调等导航地点很多不识别，这个强烈建议尽快升级！,负面,核心助手,历史专项补充,使用身份未独立核实,导航理解,语音导航,导航地点不识别,任务阻断,中,有具体任务或情境的公开自述；原文已本地匹配，身份、版本和结果未独立验证,搜索目的地并开始导航,正确理解地点，减少失败,T3,,帖子明确车型及提车经历；只核验原文，不核验身份或故障根因,本轮未联网回查
GWC02,汽车之家,魏牌,蓝山（年款未披露）,2025-03-12,版本未披露,哪怕我已经关闭后排语音呼唤，也拦不住小孩把头伸到前面喊。,https://club.autohome.com.cn/bbs/thread/2c0ceefcd1278e5b/110975490-1.html,,相关,明确针对语音控制/唤醒/理解/连续指令/使用负担/语音服务提出评价或需求,哪怕我已经关闭后排语音呼唤，也拦不住小孩把头伸到前面喊。,负面,核心助手,历史专项补充,使用身份未独立核实,儿童权限与音区,儿童伸向前排喊唤醒词,儿童移向前排后仍可触发,非预期打扰,中,有具体任务或情境的公开自述；原文已本地匹配，身份、版本和结果未独立验证,限制后排儿童触发,权限限制在真实家庭场景有效,T1,,本人家庭场景；声纹锁定说法为听车友说，未采纳为能力事实,本轮未联网回查
GWC03,汽车之家,魏牌,蓝山（年款未披露）,2024-02-25,自述第四次OTA，具体版本未披露,哪怕坐在第三排不是很大声的说一句小魏同学，都能被语音互联识别到。,https://club.autohome.com.cn/bbs/thread/7cb8975d293e24b0/107640257-1.html,,相关,明确针对语音控制/唤醒/理解/连续指令/使用负担/语音服务提出评价或需求,哪怕坐在第三排不是很大声的说一句小魏同学，都能被语音互联识别到。,正面,核心助手,历史专项补充,使用身份未独立核实,第三排唤醒与升级改善,第三排低音量呼叫,未表达痛点；第三排低声可唤醒,无明确负面影响,中,有具体任务或情境的公开自述；原文已本地匹配，身份、版本和结果未独立验证,从第三排唤醒助手,各座位可稳定唤醒,T1,,车主自述升级体验；赞誉性表达，不排除激励/营销，未与负面样本构造前后对照,本轮未联网回查
GWC04,汽车之家,哈弗,第三代哈弗H6,2020-11-28,版本未披露,上车之后使用语音先把座椅加热打开，可以说“打开座椅加热”也可以说“屁股有点凉”,https://club.autohome.com.cn/bbs/thread/cc3f945ce318bdd0/92041995-1.html,,相关,明确针对语音控制/唤醒/理解/连续指令/使用负担/语音服务提出评价或需求,上车之后使用语音先把座椅加热打开，可以说“打开座椅加热”也可以说“屁股有点凉”,正面,核心助手,历史专项补充,使用身份未独立核实,自然表达与车控,上车打开座椅加热,未表达痛点；口语表达可车控,无明确负面影响,中,有具体任务或情境的公开自述；原文已本地匹配，身份、版本和结果未独立验证,用温度感受表达车控目标,自然说法转成明确操作,T2,,发帖者自述体验；为旧车型旧时间，不能证明当前Agent能力,本轮未联网回查
GWC05,汽车之家,哈弗,第三代哈弗H6 2021款（回复自述）,2022-05-10,版本未披露,今天突然的在主驾上就叫不醒语音助手了 什么模式都不好用 在副驾就好用,https://club.autohome.com.cn/bbs/thread/cc3f945ce318bdd0/92041995-1.html,,相关,明确针对语音控制/唤醒/理解/连续指令/使用负担/语音服务提出评价或需求,今天突然的在主驾上就叫不醒语音助手了 什么模式都不好用 在副驾就好用,负面,核心助手,历史专项补充,使用身份未独立核实,主副驾唤醒差异,主驾和副驾唤醒,主驾无法唤醒，副驾可用,任务阻断,中,有具体任务或情境的公开自述；原文已本地匹配，身份、版本和结果未独立验证,在驾驶位启动语音,不同座位稳定可用,T1,,同帖另一条回复；无法验证是否配置模式/软硬件导致，不推断根因,本轮未联网回查
GWC06,车质网,哈弗,哈弗神兽2022款1.5T智享版DHT（平台字段）,2023-08-10,版本未披露,我们的车机系统过于封闭，无法安装其他软件,https://www.12365auto.com/zlts/20230810/980209.shtml,,不相关,软件安装与车机生态，不是语音助手,我们的车机系统过于封闭，无法安装其他软件,负面,相邻座舱,历史专项补充,使用身份未独立核实,生态开放与持续维护,,,,,,,,,,投诉原文自称联合声明，但只计一份投诉文本，不推算人数；厂家回复安排联系不是已解决证据,
GWC07,汽车之家,哈弗,哈弗H6 2023年国潮版（自述）,2025-01-21,版本未披露,车机确实不好使，有卡顿，延迟，导航不好用，界面老气,https://club.m.autohome.com.cn/bbs/thread/e7e083f54c8afae3/110492010-1.html,,不相关,综合车机性能，未具体评价语音功能,车机确实不好使，有卡顿，延迟，导航不好用，界面老气,负面,相邻座舱,历史专项补充,使用身份未独立核实,基础性能与维护,,,,,,,,,,先从全文逐字匹配；发帖者自称车主及创作者，利益关系未核验；非助手专门故障,
GWC08,汽车之家,魏牌,蓝山（年款未披露）,2025-08-27,自述升级3.3,听微信语音或看抖音后，QQ音乐自动停止且切换别的播放器,https://club.autohome.com.cn/bbs/thread/08c767aa5fcca8f7/112692969-1.html,,不相关,微信语音消息与播放器衔接，不是车载语音助手,听微信语音或看抖音后，QQ音乐自动停止且切换别的播放器,负面,相邻座舱,历史专项补充,使用身份未独立核实,跨端音频恢复,,,,,,,,,,真实使用反馈；微信语音是音频播放，不是小魏同学语义理解，标为座舱相邻体验,
CT02,汽车之家,魏牌,蓝山新款（自述）,,,这么长它居然一条不落，全都执行了,https://club.autohome.com.cn/bbs/threadowner/d115c204e7337ebc/110918698-1.html,,相关,明确针对语音控制/唤醒/理解/连续指令/使用负担/语音服务提出评价或需求,这么长它居然一条不落，全都执行了,正面,核心助手,首轮采集测试,自述车主未独立核实,多指令执行,较长的多项指令,未表达痛点；自述多项指令不漏项,无明确负面影响,中,有具体任务或情境的公开自述；原文已本地匹配，身份、版本和结果未独立验证,一次表达多个操作,不漏项执行,T2,,营销或激励关系未核实；没有独立执行回执或软件版本,本轮未联网回查
CT03,汽车之家,魏牌,蓝山智能进阶版MAX,2026-03-18,,能正常识别及执行指令,https://club.m.autohome.com.cn/bbs/thread-c-6979-114614554-1.html?type=None,,相关,明确针对语音控制/唤醒/理解/连续指令/使用负担/语音服务提出评价或需求,能正常识别及执行指令,正面,核心助手,首轮采集测试,自述车主未独立核实,语音识别与执行,日常语音指令,未表达痛点；泛化肯定识别执行,无明确负面影响,低,泛化评价、偏好、收费片段或依赖上下文的疑问；只能支持态度或问题线索,识别并执行请求,正确完成操作,T2,,没有量化成功率或明确Agent版本；不可将自述视为实测,本轮未联网回查
BILI001,B站,魏牌,蓝山（视频上下文，具体年款未核实）,2024-08-24,未披露,这车要是后排能有车内220v 1600w电源口就好了，这样我可以在驻车时候用迷你主机，这个希望明年改款能加一个，就驻车时候能用，点烟器功率太小。 然后希望能有个比亚迪荣耀版的藕灰内饰配色，藕灰色很中性，不是现有这两种色这么极端，而且很舒服时尚。 希望明年能改进下，准备明年入手。[打call],https://www.bilibili.com/video/BV15UW3eVEdQ,,不相关,评论主题为车机/钥匙/供电/辅助驾驶/应用/氛围灯，未明确指向语音助手,这车要是后排能有车内220v 1600w电源口就好了，这样我可以在驻车时候用迷你主机，这个希望明年改款能加一个，就驻车时候能用，点烟器功率太小。 然后希望能有个比亚迪荣耀版的藕灰内饰配色，藕灰色很中性，不是现有这两种色这么极端，而且很舒服时尚。 希望明年能改进下，准备明年入手。[打call],中性,相邻座舱,B站扩展采集,评论者身份未独立核实；不默认认定车主,驻车供电与个性化内饰,,,,,,,,,,潜在用户需求；车型依据视频上下文，软件版本未核实。评论是用户表达，不证明功能现状或车主身份；点赞数不是需求人数。,
BILI004,B站,魏牌,蓝山（视频上下文，具体年款未核实）,2025-09-19,未披露,蓝山车真心不错，就是希望能在车钥匙的设计和选材上再进行改进，目前现款蓝山的钥匙材料太脆弱了，而且设计的不合理，机械要是放在里面根本不好往出取，要取得话就得先把外面的壳子扣开，可是钥匙壳子的材料又比较脆弱，轻轻一扣钥匙就刮花了，反正是及其的不方便。希望以后蓝山可以出一个方便车主抽取机械钥匙以及外壳材料抗造的汽车钥匙。,https://www.bilibili.com/video/BV15UW3eVEdQ,,不相关,评论主题为车机/钥匙/供电/辅助驾驶/应用/氛围灯，未明确指向语音助手,蓝山车真心不错，就是希望能在车钥匙的设计和选材上再进行改进，目前现款蓝山的钥匙材料太脆弱了，而且设计的不合理，机械要是放在里面根本不好往出取，要取得话就得先把外面的壳子扣开，可是钥匙壳子的材料又比较脆弱，轻轻一扣钥匙就刮花了，反正是及其的不方便。希望以后蓝山可以出一个方便车主抽取机械钥匙以及外壳材料抗造的汽车钥匙。,负面,相邻座舱,B站扩展采集,评论者身份未独立核实；不默认认定车主,机械钥匙取用与耐用性,,,,,,,,,,使用问题与建议；车型依据视频上下文，软件版本未核实。评论是用户表达，不证明功能现状或车主身份；点赞数不是需求人数。,
BILI005,B站,魏牌,蓝山（视频上下文，具体年款未核实）,2026-09-15,未披露,高速NOA的时候怎么让车子不要一直保持在最左车道？,https://www.bilibili.com/video/BV15UW3eVEdQ,,不相关,评论主题为车机/钥匙/供电/辅助驾驶/应用/氛围灯，未明确指向语音助手,高速NOA的时候怎么让车子不要一直保持在最左车道？,中性,相邻座舱,B站扩展采集,评论者身份未独立核实；不默认认定车主,辅助驾驶车道偏好,,,,,,,,,,功能问题；车型依据视频上下文，软件版本未核实。评论是用户表达，不证明功能现状或车主身份；点赞数不是需求人数。,
BILI006,B站,魏牌,蓝山（视频上下文，具体年款未核实）,2025-11-19,未披露,蓝山这个车切换不同账户时只能切换座椅和后视镜的设置，其他全都不变，这个情况你们老总知道吗？如果只能做到这个程度，那你们设置不同账户的意义何在呢？就算不会做新能源车，电脑总用过吧？公司电脑切换用户后只有屏幕分辨率随之变化而其他内容全部延续，这样你们也能接受吗？！,https://www.bilibili.com/video/BV15UW3eVEdQ,,不相关,评论主题为车机/钥匙/供电/辅助驾驶/应用/氛围灯，未明确指向语音助手,蓝山这个车切换不同账户时只能切换座椅和后视镜的设置，其他全都不变，这个情况你们老总知道吗？如果只能做到这个程度，那你们设置不同账户的意义何在呢？就算不会做新能源车，电脑总用过吧？公司电脑切换用户后只有屏幕分辨率随之变化而其他内容全部延续，这样你们也能接受吗？！,负面,相邻座舱,B站扩展采集,评论者身份未独立核实；不默认认定车主,账户设置隔离不完整,,,,,,,,,,使用问题；车型依据视频上下文，软件版本未核实。评论是用户表达，不证明功能现状或车主身份；点赞数不是需求人数。,
BILI007,B站,魏牌,蓝山（视频上下文，具体年款未核实）,2024-09-25,未披露,怎么没有抖音和B站？,https://www.bilibili.com/video/BV15UW3eVEdQ,,不相关,评论主题为车机/钥匙/供电/辅助驾驶/应用/氛围灯，未明确指向语音助手,怎么没有抖音和B站？,中性,相邻座舱,B站扩展采集,评论者身份未独立核实；不默认认定车主,车载应用生态,,,,,,,,,,功能需求；车型依据视频上下文，软件版本未核实。评论是用户表达，不证明功能现状或车主身份；点赞数不是需求人数。,
BILI008,B站,魏牌,蓝山（视频上下文，具体年款未核实）,2024-09-15,未披露,这个钥匙是电池的还是充电的？,https://www.bilibili.com/video/BV15UW3eVEdQ,,不相关,评论主题为车机/钥匙/供电/辅助驾驶/应用/氛围灯，未明确指向语音助手,这个钥匙是电池的还是充电的？,中性,相邻座舱,B站扩展采集,评论者身份未独立核实；不默认认定车主,钥匙供电方式,,,,,,,,,,功能咨询；车型依据视频上下文，软件版本未核实。评论是用户表达，不证明功能现状或车主身份；点赞数不是需求人数。,
BILI009,B站,魏牌,蓝山（视频上下文，具体年款未核实）,2024-09-05,未披露,哨兵模式到底能不能有,https://www.bilibili.com/video/BV15UW3eVEdQ,,不相关,评论主题为车机/钥匙/供电/辅助驾驶/应用/氛围灯，未明确指向语音助手,哨兵模式到底能不能有,中性,相邻座舱,B站扩展采集,评论者身份未独立核实；不默认认定车主,哨兵模式诉求,,,,,,,,,,功能需求；车型依据视频上下文，软件版本未核实。评论是用户表达，不证明功能现状或车主身份；点赞数不是需求人数。,
BILI013,B站,魏牌,蓝山（视频上下文，具体年款未核实）,2024-08-22,未披露,手机蓝牙钥匙可以开车吧？就不必带车钥匙了。,https://www.bilibili.com/video/BV15UW3eVEdQ,,不相关,评论主题为车机/钥匙/供电/辅助驾驶/应用/氛围灯，未明确指向语音助手,手机蓝牙钥匙可以开车吧？就不必带车钥匙了。,中性,相邻座舱,B站扩展采集,评论者身份未独立核实；不默认认定车主,蓝牙钥匙替代实体钥匙,,,,,,,,,,功能咨询；车型依据视频上下文，软件版本未核实。评论是用户表达，不证明功能现状或车主身份；点赞数不是需求人数。,
BILI018,B站,哈弗,第三代哈弗H6（视频上下文）,2022-08-31,未披露,这个语音助手挺傻的[热],https://www.bilibili.com/video/BV1Te4y1Y7Yx,,相关,明确针对语音控制/唤醒/理解/连续指令/使用负担/语音服务提出评价或需求,这个语音助手挺傻的[热],负面,核心助手,B站扩展采集,评论者身份未独立核实；不默认认定车主,语音助手负面感受,视频语音助手评论区,泛化不满，未说明具体障碍,信息不足,低,泛化评价、偏好、收费片段或依赖上下文的疑问；只能支持态度或问题线索,未说明,需进一步追问具体不满意环节,T4,,主观评价；车型依据视频上下文，软件版本未核实。评论是用户表达，不证明功能现状或车主身份；点赞数不是需求人数。,本轮未联网回查
BILI022,B站,哈弗,哈弗大狗（视频上下文；个别评论自述边牧）,2024-11-12,未披露,我的改不了，不知道为啥，,https://www.bilibili.com/video/BV1Q24y1W7B7,,相关,依据视频“哈弗大狗语音唤醒设置”上下文，评论反映唤醒设置修改问题，具体车型版本仍未核实,我的改不了，不知道为啥，,负面,核心助手,B站扩展采集,评论者身份未独立核实；不默认认定车主,唤醒设置无法修改,修改语音唤醒设置（视频上下文）,自述设置无法修改，原因不明,设置受阻（依赖上下文）,低,泛化评价、偏好、收费片段或依赖上下文的疑问；只能支持态度或问题线索,修改唤醒设置,可找到并完成设置,T4,,使用问题；车型依据视频上下文，软件版本未核实。评论是用户表达，不证明功能现状或车主身份；点赞数不是需求人数。,本轮未联网回查
BILI023,B站,哈弗,哈弗大狗（视频上下文；个别评论自述边牧）,2023-02-12,未披露,我的边牧怎么好像不能这么改,https://www.bilibili.com/video/BV1Q24y1W7B7,,相关,依据视频“哈弗大狗语音唤醒设置”上下文，评论反映唤醒设置修改问题，具体车型版本仍未核实,我的边牧怎么好像不能这么改,负面,核心助手,B站扩展采集,评论者身份未独立核实；不默认认定车主,唤醒设置车型差异,修改语音唤醒设置（视频上下文）,不确定自述车型能否修改设置,信息不足,低,泛化评价、偏好、收费片段或依赖上下文的疑问；只能支持态度或问题线索,确认自述车型是否支持修改,明确车型支持范围和设置方式,T4,,使用问题；车型依据视频上下文，软件版本未核实。评论是用户表达，不证明功能现状或车主身份；点赞数不是需求人数。,本轮未联网回查
BILI026,B站,哈弗,哈弗大狗（视频上下文；个别评论自述边牧）,2023-02-10,未披露,[呲牙]介绍一下你的氛围灯吧。,https://www.bilibili.com/video/BV1Q24y1W7B7,,不相关,评论主题为车机/钥匙/供电/辅助驾驶/应用/氛围灯，未明确指向语音助手,[呲牙]介绍一下你的氛围灯吧。,中性,相邻座舱,B站扩展采集,评论者身份未独立核实；不默认认定车主,氛围灯信息需求,,,,,,,,,,功能咨询；车型依据视频上下文，软件版本未核实。评论是用户表达，不证明功能现状或车主身份；点赞数不是需求人数。,
BILI019,B站,小鹏,车型未披露,2025-09-03,未披露,小鹏的车机确实很强,https://www.bilibili.com/video/BV19aaMzLE2L,,不相关,评论主题为车机/钥匙/供电/辅助驾驶/应用/氛围灯，未明确指向语音助手,小鹏的车机确实很强,正面,竞品补充,B站扩展采集,评论者身份未独立核实；不默认认定车主,竞品车机正面感受,,,,,,,,,,主观评价；车型依据视频上下文，软件版本未核实。评论是用户表达，不证明功能现状或车主身份；点赞数不是需求人数。,
XTEST01,小红书,品牌未核实,迎宾语／档位音效素材（车型未核实）,2025-12-12,未披露,求音频和图片,https://www.xiaohongshu.com/explore/693b91c8000000001e006dd0,"""疯狂动物城""迎宾语和档位音效，技能码69期",不相关,求音频/图片资源；没有对语音助手功能的体验、评价或明确建议,求音频和图片,中性,资源需求,小红书资源需求,身份未核实；不认定为车主,个性化音效与图片资源需求,,,,,,,,,,资源索取反馈，不代表实际使用体验或付费意愿。同类文字来自不同评论，不视为独立车主人数。,
XTEST02,小红书,品牌未核实,迎宾语／档位音效素材（车型未核实）,2025-12-12,未披露,求音频,https://www.xiaohongshu.com/explore/693b91c8000000001e006dd0,"""疯狂动物城""迎宾语和档位音效，技能码69期",不相关,求音频/图片资源；没有对语音助手功能的体验、评价或明确建议,求音频,中性,资源需求,小红书资源需求,身份未核实；不认定为车主,个性化音效与图片资源需求,,,,,,,,,,资源索取反馈，不代表实际使用体验或付费意愿。同类文字来自不同评论，不视为独立车主人数。,
XTEST03,小红书,品牌未核实,迎宾语／档位音效素材（车型未核实）,2025-12-13,未披露,求音频谢谢,https://www.xiaohongshu.com/explore/693b91c8000000001e006dd0,"""疯狂动物城""迎宾语和档位音效，技能码69期",不相关,求音频/图片资源；没有对语音助手功能的体验、评价或明确建议,求音频谢谢,中性,资源需求,小红书资源需求,身份未核实；不认定为车主,个性化音效与图片资源需求,,,,,,,,,,资源索取反馈，不代表实际使用体验或付费意愿。同类文字来自不同评论，不视为独立车主人数。,
XTEST04,小红书,品牌未核实,迎宾语／档位音效素材（车型未核实）,2025-12-13,未披露,求音频图片,https://www.xiaohongshu.com/explore/693b91c8000000001e006dd0,"""疯狂动物城""迎宾语和档位音效，技能码69期",不相关,求音频/图片资源；没有对语音助手功能的体验、评价或明确建议,求音频图片,中性,资源需求,小红书资源需求,身份未核实；不认定为车主,个性化音效与图片资源需求,,,,,,,,,,资源索取反馈，不代表实际使用体验或付费意愿。同类文字来自不同评论，不视为独立车主人数。,
XTEST05,小红书,品牌未核实,迎宾语／档位音效素材（车型未核实）,,未披露,求音频,https://www.xiaohongshu.com/explore/693b91c8000000001e006dd0,"""疯狂动物城""迎宾语和档位音效，技能码69期",不相关,求音频/图片资源；没有对语音助手功能的体验、评价或明确建议,求音频,中性,资源需求,小红书资源需求,身份未核实；不认定为车主,个性化音效与图片资源需求,,,,,,,,,,资源索取反馈，不代表实际使用体验或付费意愿。同类文字来自不同评论，不视为独立车主人数。,
XTEST06,小红书,品牌未核实,迎宾语／档位音效素材（车型未核实）,2025-12-13,未披露,求分享，谢谢,https://www.xiaohongshu.com/explore/693b91c8000000001e006dd0,"""疯狂动物城""迎宾语和档位音效，技能码69期",不相关,求音频/图片资源；没有对语音助手功能的体验、评价或明确建议,求分享，谢谢,中性,资源需求,小红书资源需求,身份未核实；不认定为车主,个性化音效与图片资源需求,,,,,,,,,,资源索取反馈，不代表实际使用体验或付费意愿。同类文字来自不同评论，不视为独立车主人数。,
XTEST07,小红书,品牌未核实,迎宾语／档位音效素材（车型未核实）,2025-12-12,未披露,求音频和图片,https://www.xiaohongshu.com/explore/693b91c8000000001e006dd0,"""疯狂动物城""迎宾语和档位音效，技能码69期",不相关,求音频/图片资源；没有对语音助手功能的体验、评价或明确建议,求音频和图片,中性,资源需求,小红书资源需求,身份未核实；不认定为车主,个性化音效与图片资源需求,,,,,,,,,,资源索取反馈，不代表实际使用体验或付费意愿。同类文字来自不同评论，不视为独立车主人数。,
XTEST08,小红书,品牌未核实,迎宾语／档位音效素材（车型未核实）,2025-12-12,未披露,求音频,https://www.xiaohongshu.com/explore/693b91c8000000001e006dd0,"""疯狂动物城""迎宾语和档位音效，技能码69期",不相关,求音频/图片资源；没有对语音助手功能的体验、评价或明确建议,求音频,中性,资源需求,小红书资源需求,身份未核实；不认定为车主,个性化音效与图片资源需求,,,,,,,,,,资源索取反馈，不代表实际使用体验或付费意愿。同类文字来自不同评论，不视为独立车主人数。,
XTEST09,小红书,品牌未核实,迎宾语／档位音效素材（车型未核实）,2025-12-14,未披露,求音频文件,https://www.xiaohongshu.com/explore/693b91c8000000001e006dd0,"""疯狂动物城""迎宾语和档位音效，技能码69期",不相关,求音频/图片资源；没有对语音助手功能的体验、评价或明确建议,求音频文件,中性,资源需求,小红书资源需求,身份未核实；不认定为车主,个性化音效与图片资源需求,,,,,,,,,,资源索取反馈，不代表实际使用体验或付费意愿。同类文字来自不同评论，不视为独立车主人数。,
XTEST10,小红书,品牌未核实,迎宾语／档位音效素材（车型未核实）,,未披露,求音频,https://www.xiaohongshu.com/explore/693b91c8000000001e006dd0,"""疯狂动物城""迎宾语和档位音效，技能码69期",不相关,求音频/图片资源；没有对语音助手功能的体验、评价或明确建议,求音频,中性,资源需求,小红书资源需求,身份未核实；不认定为车主,个性化音效与图片资源需求,,,,,,,,,,资源索取反馈，不代表实际使用体验或付费意愿。同类文字来自不同评论，不视为独立车主人数。,
S01-R035,V2EX,品牌未核实,车型未核实（综合车机讨论）,2023-12-28,未披露,"[账号已脱敏] 
我就是纯机械宝马，手刹都是机械的。面板上大大小小 20 几个按钮吧

调空调风速我还得低头去找对应的按钮。。。好几次差点撞上。。

如果能直接语音调整空调大小就没这个风险了。",https://www.v2ex.com/t/1004012,国产车机迭代速度是真的快,相关,明确针对语音控制/唤醒/理解/连续指令/使用负担/语音服务提出评价或需求,"[账号已脱敏] 
我就是纯机械宝马，手刹都是机械的。面板上大大小小 20 几个按钮吧

调空调风速我还得低头去找对应的按钮。。。好几次差点撞上。。

如果能直接语音调整空调大小就没这个风险了。",中性,核心助手,V2EX首轮核心反馈,身份未核实；公开使用自述,行驶中减少视觉与手动操作,驾驶中寻找空调风速按键,手动寻找风速按钮需低头,额外操作或等待,中,有具体任务或情境的公开自述；原文已本地匹配，身份、版本和结果未独立验证；阻碍来自手动操作，语音安全收益尚未验证,不低头查找也能调风量,减少操作查找负担,T4,,继承首轮语义筛选，只展示17条核心自述，不把917条回复都当助手评价；混合车型与年份，不能代表总体车主。,本轮未联网回查
S01-R064,V2EX,品牌未核实,车型未核实（综合车机讨论）,2023-12-28,未披露,[账号已脱敏] 对于常开车且是经常开的一辆车来说，没有用语音的场景，车内操作无非电台，音乐，空调，导航短程不用，市内不用，长途出发前会预选好路线,https://www.v2ex.com/t/1004012,国产车机迭代速度是真的快,相关,明确针对语音控制/唤醒/理解/连续指令/使用负担/语音服务提出评价或需求,[账号已脱敏] 对于常开车且是经常开的一辆车来说，没有用语音的场景，车内操作无非电台，音乐，空调，导航短程不用，市内不用，长途出发前会预选好路线,负面,核心助手,V2EX首轮核心反馈,身份未核实；公开使用自述,保留操作选择，降低语音等待与使用负担,固定通勤和预设路线,自身场景不需要语音步骤,无明确负面影响,低,泛化评价、偏好、收费片段或依赖上下文的疑问；只能支持态度或问题线索,顺手完成常用操作,无需额外语音步骤,T4,,继承首轮语义筛选，只展示17条核心自述，不把917条回复都当助手评价；混合车型与年份，不能代表总体车主。,本轮未联网回查
S01-R126,V2EX,品牌未核实,车型未核实（综合车机讨论）,2023-12-28,未披露,"1. 可以有语音控制，但我很难接受只能语音或触屏（特别是还藏得很深）控制
2. 我要 CarPlay 的 iOS 系统级集成，任何车机都带不来这个效果，所以我还是得挑 CarPlay 的车
3. 确实要 CarPlay 为前提车越来越难挑了",https://www.v2ex.com/t/1004012,国产车机迭代速度是真的快,相关,明确针对语音控制/唤醒/理解/连续指令/使用负担/语音服务提出评价或需求,可以有语音控制，但我很难接受只能语音或触屏（特别是还藏得很深）控制,混合,核心助手,V2EX首轮核心反馈,身份未核实；公开使用自述,保留操作选择，降低语音等待与使用负担,语音与触屏为主要入口,不接受仅语音或深层触屏入口,信息不足,低,泛化评价、偏好、收费片段或依赖上下文的疑问；只能支持态度或问题线索,自由选择操作方式,保留快捷入口，不强制语音,T4,,继承首轮语义筛选，只展示17条核心自述，不把917条回复都当助手评价；混合车型与年份，不能代表总体车主。,本轮未联网回查
S01-R127,V2EX,品牌未核实,车型未核实（综合车机讨论）,2023-12-28,未披露,"很多人对过去车机智障一样的表现都 PTSD 了
直到我去试驾了阿维塔和问界，那个语音识别感受真实太好了
完全可以当成自己跟屁虫的感觉
可以智能识别主驾，后座，副驾多个方位，可以连续说
跟过去那种智障语音助手完全不一样",https://www.v2ex.com/t/1004012,国产车机迭代速度是真的快,相关,明确针对语音控制/唤醒/理解/连续指令/使用负担/语音服务提出评价或需求,"很多人对过去车机智障一样的表现都 PTSD 了
直到我去试驾了阿维塔和问界，那个语音识别感受真实太好了
完全可以当成自己跟屁虫的感觉
可以智能识别主驾，后座，副驾多个方位，可以连续说
跟过去那种智障语音助手完全不一样",正面,核心助手,V2EX首轮核心反馈,身份未核实；公开使用自述,多音区与上下文识别可靠性,阿维塔和问界试驾、多座位,未表达当前痛点；试驾体验正面,无明确负面影响,中,有具体任务或情境的公开自述；原文已本地匹配，身份、版本和结果未独立验证,不同音区连续发出请求,可靠识别说话位置并持续交互,T1,,继承首轮语义筛选，只展示17条核心自述，不把917条回复都当助手评价；混合车型与年份，不能代表总体车主。,本轮未联网回查
S01-R169,V2EX,品牌未核实,车型未核实（综合车机讨论）,2023-12-28,未披露,"现在不是新势力或者新能源才往智能化方向走吧
很多传统燃油车的新改款也都支持智能化了
感觉 v2 这里居然好多人都特别二元思维
现在用 siri 的人也不少了吧,车机带语音助手难道不是一样很方便吗,为什么要让 siri 定闹钟而不是自己手动定?
比如路过某个有趣的地方,我会让车机帮我收藏当前地址
或者切换内外循环,开关雾灯什么的",https://www.v2ex.com/t/1004012,国产车机迭代速度是真的快,相关,明确针对语音控制/唤醒/理解/连续指令/使用负担/语音服务提出评价或需求,"现在不是新势力或者新能源才往智能化方向走吧
很多传统燃油车的新改款也都支持智能化了
感觉 v2 这里居然好多人都特别二元思维
现在用 siri 的人也不少了吧,车机带语音助手难道不是一样很方便吗,为什么要让 siri 定闹钟而不是自己手动定?
比如路过某个有趣的地方,我会让车机帮我收藏当前地址
或者切换内外循环,开关雾灯什么的",正面,核心助手,V2EX首轮核心反馈,身份未核实；公开使用自述,行驶中减少视觉与手动操作,途经地点、内外循环和雾灯控制,未表达痛点；具体临时操作自述,无明确负面影响,中,有具体任务或情境的公开自述；原文已本地匹配，身份、版本和结果未独立验证,随手完成临时操作,便捷控制或记录位置,T4,,继承首轮语义筛选，只展示17条核心自述，不把917条回复都当助手评价；混合车型与年份，不能代表总体车主。,本轮未联网回查
S01-R177,V2EX,品牌未核实,车型未核实（综合车机讨论）,2023-12-29,未披露,"[账号已脱敏] 太好笑了，典型的没有需求创造需求

兄弟你是不是根本不开车啊
上班下班这种情况你跟我说要导航？

也不是人人开车都需要听点什么的，更别说什么调整空调了，本来就是启动，顺手的事
一言不发点两下就完事了，还搁这一个一个来

另外一个个说语音安全
物理按键，你按到即命令执行
而语音都要有一个等待回馈的过程
我并不觉得这种等待回馈的过程让人舒适和安全

真的求求你们了，一个个把车当家的
让人看了觉得真的很可怜
20W-40W 的车，也可以多买一个房间了，没事给自己整个安全屋吧",https://www.v2ex.com/t/1004012,国产车机迭代速度是真的快,相关,明确针对语音控制/唤醒/理解/连续指令/使用负担/语音服务提出评价或需求,"物理按键，你按到即命令执行
而语音都要有一个等待回馈的过程
我并不觉得这种等待回馈的过程让人舒适和安全",负面,核心助手,V2EX首轮核心反馈,身份未核实；公开使用自述,保留操作选择，降低语音等待与使用负担,通勤和车内常用操作,语音等待回馈不符合操作偏好,额外操作或等待,低,泛化评价、偏好、收费片段或依赖上下文的疑问；只能支持态度或问题线索,立即执行简单操作,少等待，保留物理按键,T4,,继承首轮语义筛选，只展示17条核心自述，不把917条回复都当助手评价；混合车型与年份，不能代表总体车主。,本轮未联网回查
S01-R195,V2EX,品牌未核实,车型未核实（综合车机讨论）,2023-12-29,未披露,[账号已脱敏] 不管国产还是特斯拉还是手机，语音都鸡肋，手机上语音常年禁用,https://www.v2ex.com/t/1004012,国产车机迭代速度是真的快,相关,明确针对语音控制/唤醒/理解/连续指令/使用负担/语音服务提出评价或需求,[账号已脱敏] 不管国产还是特斯拉还是手机，语音都鸡肋，手机上语音常年禁用,负面,核心助手,V2EX首轮核心反馈,身份未核实；公开使用自述,保留操作选择，降低语音等待与使用负担,车载及手机语音,泛化认为语音价值低,信息不足,低,泛化评价、偏好、收费片段或依赖上下文的疑问；只能支持态度或问题线索,不用语音,允许不使用或关闭语音,T4,,继承首轮语义筛选，只展示17条核心自述，不把917条回复都当助手评价；混合车型与年份，不能代表总体车主。,本轮未联网回查
S02-R014,V2EX,品牌未核实,车型未核实（综合车机讨论）,2025-08-06,未披露,[账号已脱敏] #11 那可能我习惯了下班路上喊 siri 给老婆打电话，觉得无线 carplay 挺方便的。周末出去玩回家的路上，也会提前喊 siri 或者按方向盘的语音键（也是唤醒 siri ）让他帮我把家里空调什么的都打开,https://www.v2ex.com/t/1150268,怎么现在的车大部分都不支持 CarPlay？,相关,明确针对语音控制/唤醒/理解/连续指令/使用负担/语音服务提出评价或需求,[账号已脱敏] #11 那可能我习惯了下班路上喊 siri 给老婆打电话，觉得无线 carplay 挺方便的。周末出去玩回家的路上，也会提前喊 siri 或者按方向盘的语音键（也是唤醒 siri ）让他帮我把家里空调什么的都打开,正面,核心助手,V2EX首轮核心反馈,身份未核实；公开使用自述,导航及手机服务衔接,下班打电话、回家前开启家中空调,未表达痛点；跨端使用自述,无明确负面影响,中,有具体任务或情境的公开自述；原文已本地匹配，身份、版本和结果未独立验证,连接手机及家庭服务,跨端任务可完成,T3,,继承首轮语义筛选，只展示17条核心自述，不把917条回复都当助手评价；混合车型与年份，不能代表总体车主。,本轮未联网回查
S02-R091,V2EX,品牌未核实,车型未核实（综合车机讨论）,2025-08-06,未披露,用过车机导航后就没用 CarPlay 了，车机导航语音很方便，CarPlay 不能用语音控制高德,https://www.v2ex.com/t/1150268,怎么现在的车大部分都不支持 CarPlay？,相关,明确针对语音控制/唤醒/理解/连续指令/使用负担/语音服务提出评价或需求,用过车机导航后就没用 CarPlay 了，车机导航语音很方便，CarPlay 不能用语音控制高德,正面,核心助手,V2EX首轮核心反馈,身份未核实；公开使用自述,导航及手机服务衔接,原生车机语音导航,原生语音导航与替代入口体验差异,无明确负面影响,中,有具体任务或情境的公开自述；原文已本地匹配，身份、版本和结果未独立验证,用语音操作导航,便捷完成导航,T3,,继承首轮语义筛选，只展示17条核心自述，不把917条回复都当助手评价；混合车型与年份，不能代表总体车主。,本轮未联网回查
S03-R007,V2EX,品牌未核实,车型未核实（综合车机讨论）,2025-11-21,未披露,我用车机导航的时候语音播报会打断音乐播放，所以有时候用手机导航,https://www.v2ex.com/t/1174165,有中控屏为什么还要使用手机支架导航,不相关,导航播报打断音乐，不是语音助手识别或执行反馈,我用车机导航的时候语音播报会打断音乐播放，所以有时候用手机导航,未标注,核心助手,V2EX首轮核心反馈,身份未核实；公开使用自述,导航及手机服务衔接,,,,,,,,,,继承首轮语义筛选，只展示17条核心自述，不把917条回复都当助手评价；混合车型与年份，不能代表总体车主。,
S04-R081,V2EX,品牌未核实,车型未核实（综合车机讨论）,2023-05-19,未披露,2 月底提的，尺寸和我特斯拉差不多，开起来感觉车头好大。语音操控好爽，家人喜欢坐这车。,https://www.v2ex.com/t/940304,最后选择了理想 L8 pro,相关,明确针对语音控制/唤醒/理解/连续指令/使用负担/语音服务提出评价或需求,2 月底提的，尺寸和我特斯拉差不多，开起来感觉车头好大。语音操控好爽，家人喜欢坐这车。,正面,核心助手,V2EX首轮核心反馈,身份未核实；公开使用自述,行驶中减少视觉与手动操作,家庭乘车,未表达痛点；泛化肯定语音体验,无明确负面影响,低,泛化评价、偏好、收费片段或依赖上下文的疑问；只能支持态度或问题线索,语音操作车辆,操作愉快、家庭接受,T4,,继承首轮语义筛选，只展示17条核心自述，不把917条回复都当助手评价；混合车型与年份，不能代表总体车主。,本轮未联网回查
S05-R051,V2EX,品牌未核实,车型未核实（综合车机讨论）,2024-10-23,未披露,身边有朋友开的 model y 和 et5t 都上手开过简单对比下。操作体验本人不太敏感，按 y 车主的说法是 t 方向盘沉。个人感觉 t 的车身太宽了，视野看着有点难受，还是喜欢窄一点的车。车机上 y 标配手机支架，t 经常用车机导航，并且有语音功能很方便。y 的动能回收没法调，开了好几次也不太习惯。y 没有 360 摄像头。t 可以换电池。y 对比 t 各种大大小小的功能来看确实像毛坯。至于购买套路什么的，蔚来也是以服务为主的也没啥坑。t 的售后很省事，有问题修的时候直接开车过来修，或者给你一个代步车。上面几点来看我要是电车更倾向 et5t ，功能齐全售后也不错，唯一需要担心的问题是蔚来啥时候倒闭。,https://www.v2ex.com/t/1082891,为什么很多人买电车都选择特斯拉,相关,明确针对语音控制/唤醒/理解/连续指令/使用负担/语音服务提出评价或需求,t 经常用车机导航，并且有语音功能很方便。,正面,核心助手,V2EX首轮核心反馈,身份未核实；公开使用自述,行驶中减少视觉与手动操作,试用model y和et5t,未表达痛点；试用语音导航正面,无明确负面影响,低,泛化评价、偏好、收费片段或依赖上下文的疑问；只能支持态度或问题线索,便捷使用车机导航,语音导航方便,T3,,继承首轮语义筛选，只展示17条核心自述，不把917条回复都当助手评价；混合车型与年份，不能代表总体车主。,本轮未联网回查
S05-R132,V2EX,品牌未核实,车型未核实（综合车机讨论）,2024-10-24,未披露,怎么说呢，其实从功能方面来说，肯定不如国产新能源车来的全面，就连自动泊车你都要花钱买 EAP 才能使用，语音助手、导航、地图也是有点难用，空间也一般般，FSD 也天天在画饼，人家其他新能源车都 NOA 了，但是耐不住好开，我考完驾照后 6 年没开车，今年入了特斯拉，开起来确实新手欢乐车。而且车内饰确实是打动我的一点，本身就是一个简约爱好者，真的很酷。车还是好开最重要！,https://www.v2ex.com/t/1082891,为什么很多人买电车都选择特斯拉,相关,明确针对语音控制/唤醒/理解/连续指令/使用负担/语音服务提出评价或需求,语音助手、导航、地图也是有点难用,负面,核心助手,V2EX首轮核心反馈,身份未核实；公开使用自述,导航及手机服务衔接,自述特斯拉使用,语音及地图易用性泛化不满,信息不足,低,泛化评价、偏好、收费片段或依赖上下文的疑问；只能支持态度或问题线索,未说明具体语音任务,改善语音易用性（待细化）,T4,,继承首轮语义筛选，只展示17条核心自述，不把917条回复都当助手评价；混合车型与年份，不能代表总体车主。,本轮未联网回查
S05-R133,V2EX,品牌未核实,车型未核实（综合车机讨论）,2024-10-24,未披露,"我看很少有人真正去对比车与车之前的产品力，功能性，驾驶感受怎么样。

对于特斯拉来说评价都是很极端的，认为他好的，其他车就完全不行。认为他不好的，觉得特斯拉就是个韭菜车。

作为大家最常说到的特斯拉的三电比较好，一般会提到特斯拉电门没有延迟，电控好电耗低。

1. 电门没有延迟确实是一个很鲜明的特点，喜欢的人很在意这点，这能更好的人车合一。但大家很多之前都开过其他车，这个转变其实也有很多人不是很适应的，而且对于舒适感来说是大大减分的，特别是乘客。很多国产车都会对电门进行特殊调教，电门并不是线性加速的，还是加入了很多舒适性的考虑。

2. 特斯拉电耗低，这确实非常棒。特斯拉能做到这一点，最主要靠两点。一个是车身重量，除了特斯拉的一些简化设计带来的减重以外，最大的减重来源于电池，特斯拉标配 60 度电池，比一般国产车多电池至少轻 200 斤。第二个就是动能回收，特斯拉的动能回收是强制开启的，特斯拉在动能回收上下了很多功夫，体验也比别的电车要好。但这也非常考验驾驶者的技术，如果电门控制不当就有会有急刹的感觉，我在使用早期作为驾驶者都会有晕车的感觉。

3. 除了上述两点是我们在日常使用这个产品本身的过程中，给我们带来的两个很直观的感受。其他大家认为应该选择特斯拉都是说的其他方面，包括不限于：知名度，品牌价值，售后服务好，销售不搞套路，还有人帮维权（没搞懂），保值，性价比高（这个我不理解为什么这么说）。这些大部分是值产品背后的一些附加因素。

最后我个人认为特斯拉对比国产车，智能化程度比较低（语音不是很好），车机不算太好用（不是很符合国人的习惯），导航不好使（我看大部分特斯拉车主都习惯用手机导航），辅助驾驶比较一般（特别是自动泊车，车道保持还可以），内饰过于简单，坐着没那么舒服。
对比我自己现在开的电车，我坐着车里体验就很舒服，有香氛系统，有分区空调，有防疲劳检测，会自动调整座椅方向盘，有座椅通风按摩，会有比较多的场景模式自动触发，百分之 80 的功能都可以语音操作，驾驶体验更舒适，加速刹车都比较柔和。",https://www.v2ex.com/t/1082891,为什么很多人买电车都选择特斯拉,相关,明确针对语音控制/唤醒/理解/连续指令/使用负担/语音服务提出评价或需求,最后我个人认为特斯拉对比国产车，智能化程度比较低（语音不是很好）,混合,核心助手,V2EX首轮核心反馈,身份未核实；公开使用自述,行驶中减少视觉与手动操作,自述电车体验对比,语音体验不佳，同时肯定控制覆盖,信息不足,低,泛化评价、偏好、收费片段或依赖上下文的疑问；只能支持态度或问题线索,用语音控制车内功能,提高可控覆盖及易用性,T4,百分之 80 的功能都可以语音操作,继承首轮语义筛选，只展示17条核心自述，不把917条回复都当助手评价；混合车型与年份，不能代表总体车主。,本轮未联网回查
S06-R010,V2EX,品牌未核实,车型未核实（综合车机讨论）,2025-09-28,未披露,"我平时常用的功能：
1 ，车机语音导航到 xxx
2 ，高德 App/微信 App 推送地址到车机（别人给了详细地址或者车机语音不好搜索到的情况下）
3 ，车机快捷回家/去公司按钮（虽然平时通勤不用导航，但是偶尔需要看看堵不堵车）",https://www.v2ex.com/t/1162297,大家能接受 25 年全新油车，因为车机太烂还需要使用手机支架导航吗？,相关,明确针对语音控制/唤醒/理解/连续指令/使用负担/语音服务提出评价或需求,"我平时常用的功能：
1 ，车机语音导航到 xxx
2 ，高德 App/微信 App 推送地址到车机（别人给了详细地址或者车机语音不好搜索到的情况下）
3 ，车机快捷回家/去公司按钮（虽然平时通勤不用导航，但是偶尔需要看看堵不堵车）",混合,核心助手,V2EX首轮核心反馈,身份未核实；公开使用自述,导航及手机服务衔接,导航到目的地及难搜地址,部分地址语音不好搜索，采用手机推送,额外操作或等待,中,有具体任务或情境的公开自述；原文已本地匹配，身份、版本和结果未独立验证,完成目的地输入,语音失败后仍能完成导航,T3,,继承首轮语义筛选，只展示17条核心自述，不把917条回复都当助手评价；混合车型与年份，不能代表总体车主。,本轮未联网回查
S06-R085,V2EX,品牌未核实,车型未核实（综合车机讨论）,2025-09-28,未披露,我十几万的油车，车机的高德导航虽然没有读秒这种功能，但是基本功能好用的很，从来没用过手机。上车直接语音控制导航到目的地，完全不需要手动操作。PS:车机虽然是垃圾芯片，但用着也很流畅，华为开发的车机系统还是值得信赖的。,https://www.v2ex.com/t/1162297,大家能接受 25 年全新油车，因为车机太烂还需要使用手机支架导航吗？,相关,明确针对语音控制/唤醒/理解/连续指令/使用负担/语音服务提出评价或需求,我十几万的油车，车机的高德导航虽然没有读秒这种功能，但是基本功能好用的很，从来没用过手机。上车直接语音控制导航到目的地，完全不需要手动操作。PS:车机虽然是垃圾芯片，但用着也很流畅，华为开发的车机系统还是值得信赖的。,正面,核心助手,V2EX首轮核心反馈,身份未核实；公开使用自述,导航及手机服务衔接,上车导航,未表达痛点；语音导航无需手动操作,无明确负面影响,中,有具体任务或情境的公开自述；原文已本地匹配，身份、版本和结果未独立验证,语音导航到目的地,无需手动操作,T3,,继承首轮语义筛选，只展示17条核心自述，不把917条回复都当助手评价；混合车型与年份，不能代表总体车主。,本轮未联网回查
S07-R075,V2EX,品牌未核实,车型未核实（综合车机讨论）,2026-05-14,未披露,"[账号已脱敏] 你没谈事实为啥要我谈？你谈了我也可以谈啊。

我 24 款 001 ，开的不多，可能不到一万，就接送个孩子。我不知道你问里程有什么意义。是不是我一万公里遇到的问题数量，开十万公里的朋友可以乘以十呢？那他们可太有福了。

就这一万公里随便说几个：

- 360 影像有很大盲区看不见车
- 360 斜后方有柱子的时候影像四面八方都是柱子
- 低速雷达不报警
- 周围没车的时候正常行驶突然报警
- 偶尔不自动锁车
- u 盘只能使用特定品牌
- 行车记录仪列表每次翻页速度极慢
- 语音操作基本没法用，特别后座的语音指令
- 无线充电发热严重还充不进去电

这些问题都是 24 年就开始有的，我随便想起来写的，你猜修了几个？一个都没有哦。

ota 导致的问题，包括不限于：
- 无法记住上一个驾驶者，每次上车先把座椅按照我老婆的设置调整，开始压我的腿。有时候十秒之后才发现是我，有时候它识别不出来我怕腿断了手动终止座椅调整。后来解决方法是把我老婆账号删了。
- 我说导航回家，告诉我“导航到当前位置”，我一看傻了吧唧把我家的位置标记成“当前位置”了
- 方向盘操作按钮全部失灵，需要重启操作系统（升级当天，只出现一次）
- 红绿灯倒计时消失（升级当天，后来偶尔出线）

还有些不缺定是不是 ota 导致的：
- 前后空调必须温度调成一致，哪怕后面空调是关闭的，也不会按照你前面空调的温度调节
- 雨刮器对雨水灵敏度明显低了
- 导航总是绕路，无法途径某一条干路（高德和百度地图的导航都没问题）

至于什么辅助驾驶自动停车之类的问题我就不难为极氪了，它连个 360 影像都做不好你指望他给你搞“智驾”？

当然了，有些问题不是 ota 能解决的。作为极氪车主我建议咱还是有点自知之明。比 bug 多没车比得上极氪了。

别回复什么“我没遇到”“你不会用”。我花了 20 多万买的车，这是不是垃圾我自己还能不知道吗？",https://www.v2ex.com/t/1211764,极氪 7x,相关,明确针对语音控制/唤醒/理解/连续指令/使用负担/语音服务提出评价或需求,语音操作基本没法用，特别后座的语音指令,负面,核心助手,V2EX首轮核心反馈,身份未核实；公开使用自述,多音区与上下文识别可靠性,后座语音和导航回家,后座语音难用，回家目的地错误,任务阻断,中,有具体任务或情境的公开自述；原文已本地匹配，身份、版本和结果未独立验证,从后座发出请求、正确识别家庭目的地,稳定响应并完成正确导航,T1,我说导航回家，告诉我“导航到当前位置”，我一看傻了吧唧把我家的位置标记成“当前位置”了,继承首轮语义筛选，只展示17条核心自述，不把917条回复都当助手评价；混合车型与年份，不能代表总体车主。,本轮未联网回查
