source_id,url,status,decision,sample_ids
N01,https://k.autohome.com.cn/detail/view_01kw6bva9y6mw3echh70wg0000.html,正文与引文匹配,纳入,EX01
N02,https://k.autohome.com.cn/detail/view_01kk1ejhns6mw30e1n60t00000.html,正文与引文匹配,纳入,EX02
N03,https://club.autohome.com.cn/bbs/thread/c3438470adeb7a85/106722317-1.html,正文与引文匹配,纳入,EX03
N04,https://www.12365auto.com/zlts/20200108/441734.shtml,正文与引文匹配,纳入,EX04
N05,https://m.12365auto.com/zlts/20221105/839495.shtml,正文与引文匹配,纳入,EX05
N06,https://club.m.autohome.com.cn/bbs/thread-c-4826-82711907-1.html?type=Jing,正文与引文匹配,纳入,EX06;EX07
N07,https://www.12365auto.com/review/2974_0_0_1.shtml,正文与引文匹配,纳入,EX08
N08,https://club.autohome.com.cn/bbs/thread/c8d31652f101ae14/84645251-1.html,正文与引文匹配,纳入,EX09
N09,https://club.autohome.com.cn/bbs/threadowner/61c6fab457439972/111147691-1.html,正文与引文匹配,纳入,EX10
N10,https://club.m.autohome.com.cn/bbs/thread-c-6979-114966578-1.html?type=Jing,正文与引文匹配,纳入,EX11
N11,https://www.dongchedi.com/auto/series/score/6206-x-S0-P107-x-x-x,Jina登录页；网页备用读取核验EX16,纳入,EX16
N12,https://www.dongchedi.com/auto/series/score/4615-x-S3-P138-x-1-1,仅登录页，无目标正文,不计入新增原声,
N13,https://www.dongchedi.com/community/4250089590000000/2,仅登录页，无目标正文,不计入新增原声,
N14,https://www.dongchedi.com/community/4615/hot,仅登录页，无目标正文,不计入新增原声,
N15,https://k.autohome.com.cn/detail/view_01kev21r8x6mvkgc1s6rvg0000.html,正文与引文匹配,纳入,EX12;EX13
N16,https://club.autohome.com.cn/bbs/thread/42c186537122dcae/114108129-1.html,正文与引文匹配,纳入,EX14
N17,https://www.dongchedi.com/auto/series/score/4635-x-S0-P70-x-x-x,Jina登录页；网页备用读取核验EX17,纳入,EX17
N18,https://www.12365auto.com/zlts/515-0-0-1-0-0_0-0-0-0-0-0-0-1.shtml,索引页，未计入原声,不计入新增原声,
N19,https://www.12365auto.com/zlts/20260108/1574606.shtml,正文与引文匹配,纳入,EX15
BS-BV15UW3eVEdQ,https://www.bilibili.com/video/BV15UW3eVEdQ,评论读取成功,筛选后纳入,"BILI001,BILI004,BILI005,BILI006,BILI007,BILI008,BILI009,BILI013"
BS-BV1jf27BfEAU,https://www.bilibili.com/video/BV1jf27BfEAU,评论读取成功,排除,
BS-BV1Te4y1Y7Yx,https://www.bilibili.com/video/BV1Te4y1Y7Yx,评论读取成功,筛选后纳入,BILI018
BS-BV19aaMzLE2L,https://www.bilibili.com/video/BV19aaMzLE2L,评论读取成功,筛选后纳入,BILI019
BS-BV1Q24y1W7B7,https://www.bilibili.com/video/BV1Q24y1W7B7,评论读取成功,筛选后纳入,"BILI022,BILI023,BILI026"
